{"object":{"objectSize":67108864,"threads":32,"PUT":{"perf":{"throughput":5690831667,"objectsPerSec":84,"responseTime":{"avg":483826074,"p50":466715148,"p75":587157134,"p95":791738781,"p99":917717163,"p999":1031289884,"l5p":871130715,"s5p":214552156,"max":1079623090,"min":186651749,"sdev":164071912,"range":892971341}},"servers":[{"endpoint":"http://fs-supermicro-c1-n1:9004","perf":{"throughput":2858837606,"objectsPerSec":42}},{"endpoint":"http://fs-supermicro-c1-n2:9004","perf":{"throughput":2831994060,"objectsPerSec":42}}]},"GET":{"perf":{"throughput":11509170176,"objectsPerSec":171,"responseTime":{"avg":240865897,"p50":205256828,"p75":274127710,"p95":422977520,"p99":555498288,"p999":692952980,"l5p":506472934,"s5p":151300815,"max":1025771056,"min":135983146,"sdev":90217895,"range":889787910},"ttfb":{"avg":225823594,"p50":191303307,"p75":258738998,"p95":405404790,"p99":532712459,"p999":669474222,"l5p":484939207,"s5p":139507446,"max":1012682574,"min":122741030,"sdev":87976798,"range":889941544}},"servers":[{"endpoint":"http://fs-supermicro-c1-n1:9004","perf":{"throughput":5764651417,"objectsPerSec":85}},{"endpoint":"http://fs-supermicro-c1-n2:9004","perf":{"throughput":5744518758,"objectsPerSec":85}}]}},"network":{"servers":[{"endpoint":"http://fs-supermicro-c1-n2:9004","perf":{"tx":2939070054,"rx":2779607299}},{"endpoint":"http://fs-supermicro-c1-n1:9004","perf":{"tx":2784565657,"rx":2933885811}}]},"drive":{"servers":[{"endpoint":"http://fs-supermicro-c1-n1:9004","perf":[{"path":"/minio/disk1/data","readThroughput":5445722519,"writeThroughput":3782228499},{"path":"/minio/disk2/data","readThroughput":5438195855,"writeThroughput":3787643326}]},{"endpoint":"http://fs-supermicro-c1-n2:9004","perf":[{"path":"/minio/disk1/data","readThroughput":5491624066,"writeThroughput":3683928793},{"path":"/minio/disk2/data","readThroughput":5434491658,"writeThroughput":3731516208}]}]},"client":{"bytesSent":1091567616,"timeSpent":10004624800,"endpoint":"https://s3.nvme-stretched-6disks.supermicro4","error":""}}
